{"cameraMode":{"drawMode":0,"name":"Shaded","section":"Shading Mode"},"sceneLighting":false,"audioPlay":false,"sceneViewState":{"showFog":true,"showMaterialUpdate":true,"showSkybox":false,"showFlares":true,"showImageEffects":true,"showParticleSystems":true},"in2DMode":false,"pivot":{"x":-0.013990595936775208,"y":0.09630507230758667,"z":-0.004330947995185852},"rotation":{"x":-0.2550375163555145,"y":0.12089312076568604,"z":-0.03173982352018356,"w":-0.9592732787132263},"size":1.7010650634765626,"orthographic":false}