{"cameraMode":{"drawMode":0,"name":"Shaded","section":"Shading Mode"},"sceneLighting":false,"audioPlay":false,"sceneViewState":{"showFog":true,"showMaterialUpdate":true,"showSkybox":false,"showFlares":true,"showImageEffects":true,"showParticleSystems":true},"in2DMode":false,"pivot":{"x":-0.00270235538482666,"y":0.10985405743122101,"z":0.0033770203590393068},"rotation":{"x":-0.2756190598011017,"y":-0.48173385858535769,"z":0.1627550721168518,"w":-0.8158072233200073},"size":3.4428627490997316,"orthographic":false}