{"cameraMode":{"drawMode":0,"name":"Shaded","section":"Shading Mode"},"sceneLighting":false,"audioPlay":false,"sceneViewState":{"showFog":true,"showMaterialUpdate":true,"showSkybox":false,"showFlares":true,"showImageEffects":true,"showParticleSystems":true},"in2DMode":false,"pivot":{"x":-0.0067386627197265629,"y":0.2039991021156311,"z":0.011389970779418946},"rotation":{"x":-0.2981194853782654,"y":-0.32420995831489565,"z":0.10845174640417099,"w":-0.8912116289138794},"size":0.8336061239242554,"orthographic":false}