{"cameraMode":{"drawMode":0,"name":"Shaded","section":"Shading Mode"},"sceneLighting":false,"audioPlay":false,"sceneViewState":{"showFog":true,"showMaterialUpdate":true,"showSkybox":false,"showFlares":true,"showImageEffects":true,"showParticleSystems":true},"in2DMode":false,"pivot":{"x":-1.9294377565383912,"y":1.9887384176254273,"z":-2.295971632003784},"rotation":{"x":-0.24286243319511414,"y":-0.35571619868278506,"z":0.09626816213130951,"w":-0.8973530530929565},"size":1.1439388990402222,"orthographic":false}