{"cameraMode":{"drawMode":0,"name":"Shaded","section":"Shading Mode"},"sceneLighting":false,"audioPlay":false,"sceneViewState":{"showFog":true,"showMaterialUpdate":true,"showSkybox":false,"showFlares":true,"showImageEffects":true,"showParticleSystems":true},"in2DMode":false,"pivot":{"x":0.3720247149467468,"y":0.2221355438232422,"z":0.1789020299911499},"rotation":{"x":-0.40053001046180727,"y":-0.32768747210502627,"z":0.1559985876083374,"w":-0.8413518071174622},"size":1.7336061000823975,"orthographic":false}