{"cameraMode":{"drawMode":0,"name":"Shaded","section":"Shading Mode"},"sceneLighting":false,"audioPlay":false,"sceneViewState":{"showFog":true,"showMaterialUpdate":true,"showSkybox":true,"showFlares":true,"showImageEffects":true,"showParticleSystems":true},"in2DMode":false,"pivot":{"x":165.8855438232422,"y":552.3211059570313,"z":7.852787494659424},"rotation":{"x":-0.252947062253952,"y":-0.33586761355400088,"z":0.09453877061605454,"w":-0.9028658270835877},"size":340.15625,"orthographic":false}